keyword,month,value
ayurveda behandlungen,2018-10-14,0
ayurveda behandlungen,2018-10-21,0
ayurveda behandlungen,2018-10-28,73
ayurveda behandlungen,2018-11-04,0
ayurveda behandlungen,2018-11-11,0
ayurveda behandlungen,2018-11-18,0
ayurveda behandlungen,2018-11-25,21
ayurveda behandlungen,2018-12-02,0
ayurveda behandlungen,2018-12-09,0
ayurveda behandlungen,2018-12-16,0
ayurveda behandlungen,2018-12-23,0
ayurveda behandlungen,2018-12-30,0
ayurveda behandlungen,2019-01-06,0
ayurveda behandlungen,2019-01-13,34
ayurveda behandlungen,2019-01-20,0
ayurveda behandlungen,2019-01-27,0
ayurveda behandlungen,2019-02-03,28
ayurveda behandlungen,2019-02-10,0
ayurveda behandlungen,2019-02-17,0
ayurveda behandlungen,2019-02-24,0
ayurveda behandlungen,2019-03-03,0
ayurveda behandlungen,2019-03-10,0
ayurveda behandlungen,2019-03-17,0
ayurveda behandlungen,2019-03-24,0
ayurveda behandlungen,2019-03-31,0
ayurveda behandlungen,2019-04-07,33
ayurveda behandlungen,2019-04-14,0
ayurveda behandlungen,2019-04-21,56
ayurveda behandlungen,2019-04-28,0
ayurveda behandlungen,2019-05-05,0
ayurveda behandlungen,2019-05-12,0
ayurveda behandlungen,2019-05-19,29
ayurveda behandlungen,2019-05-26,59
ayurveda behandlungen,2019-06-02,0
ayurveda behandlungen,2019-06-09,0
ayurveda behandlungen,2019-06-16,0
ayurveda behandlungen,2019-06-23,0
ayurveda behandlungen,2019-06-30,0
ayurveda behandlungen,2019-07-07,0
ayurveda behandlungen,2019-07-14,27
ayurveda behandlungen,2019-07-21,0
ayurveda behandlungen,2019-07-28,0
ayurveda behandlungen,2019-08-04,0
ayurveda behandlungen,2019-08-11,0
ayurveda behandlungen,2019-08-18,0
ayurveda behandlungen,2019-08-25,0
ayurveda behandlungen,2019-09-01,0
ayurveda behandlungen,2019-09-08,0
ayurveda behandlungen,2019-09-15,0
ayurveda behandlungen,2019-09-22,0
ayurveda behandlungen,2019-09-29,0
ayurveda behandlungen,2019-10-06,0
ayurveda behandlungen,2019-10-13,0
ayurveda behandlungen,2019-10-20,0
ayurveda behandlungen,2019-10-27,23
ayurveda behandlungen,2019-11-03,0
ayurveda behandlungen,2019-11-10,0
ayurveda behandlungen,2019-11-17,0
ayurveda behandlungen,2019-11-24,0
ayurveda behandlungen,2019-12-01,50
ayurveda behandlungen,2019-12-08,27
ayurveda behandlungen,2019-12-15,0
ayurveda behandlungen,2019-12-22,0
ayurveda behandlungen,2019-12-29,37
ayurveda behandlungen,2020-01-05,0
ayurveda behandlungen,2020-01-12,0
ayurveda behandlungen,2020-01-19,0
ayurveda behandlungen,2020-01-26,18
ayurveda behandlungen,2020-02-02,0
ayurveda behandlungen,2020-02-09,0
ayurveda behandlungen,2020-02-16,0
ayurveda behandlungen,2020-02-23,0
ayurveda behandlungen,2020-03-01,30
ayurveda behandlungen,2020-03-08,0
ayurveda behandlungen,2020-03-15,0
ayurveda behandlungen,2020-03-22,0
ayurveda behandlungen,2020-03-29,0
ayurveda behandlungen,2020-04-05,0
ayurveda behandlungen,2020-04-12,21
ayurveda behandlungen,2020-04-19,0
ayurveda behandlungen,2020-04-26,0
ayurveda behandlungen,2020-05-03,0
ayurveda behandlungen,2020-05-10,0
ayurveda behandlungen,2020-05-17,34
ayurveda behandlungen,2020-05-24,0
ayurveda behandlungen,2020-05-31,0
ayurveda behandlungen,2020-06-07,0
ayurveda behandlungen,2020-06-14,0
ayurveda behandlungen,2020-06-21,100
ayurveda behandlungen,2020-06-28,0
ayurveda behandlungen,2020-07-05,33
ayurveda behandlungen,2020-07-12,0
ayurveda behandlungen,2020-07-19,27
ayurveda behandlungen,2020-07-26,0
ayurveda behandlungen,2020-08-02,0
ayurveda behandlungen,2020-08-09,0
ayurveda behandlungen,2020-08-16,25
ayurveda behandlungen,2020-08-23,0
ayurveda behandlungen,2020-08-30,0
ayurveda behandlungen,2020-09-06,0
ayurveda behandlungen,2020-09-13,29
ayurveda behandlungen,2020-09-20,0
ayurveda behandlungen,2020-09-27,0
ayurveda behandlungen,2020-10-04,0
ayurveda behandlungen,2020-10-11,0
ayurveda behandlungen,2020-10-18,0
ayurveda behandlungen,2020-10-25,0
ayurveda behandlungen,2020-11-01,26
ayurveda behandlungen,2020-11-08,54
ayurveda behandlungen,2020-11-15,0
ayurveda behandlungen,2020-11-22,0
ayurveda behandlungen,2020-11-29,0
ayurveda behandlungen,2020-12-06,0
ayurveda behandlungen,2020-12-13,0
ayurveda behandlungen,2020-12-20,0
ayurveda behandlungen,2020-12-27,0
ayurveda behandlungen,2021-01-03,0
ayurveda behandlungen,2021-01-10,0
ayurveda behandlungen,2021-01-17,0
ayurveda behandlungen,2021-01-24,0
ayurveda behandlungen,2021-01-31,0
ayurveda behandlungen,2021-02-07,25
ayurveda behandlungen,2021-02-14,0
ayurveda behandlungen,2021-02-21,0
ayurveda behandlungen,2021-02-28,0
ayurveda behandlungen,2021-03-07,0
ayurveda behandlungen,2021-03-14,0
ayurveda behandlungen,2021-03-21,0
ayurveda behandlungen,2021-03-28,0
ayurveda behandlungen,2021-04-04,0
ayurveda behandlungen,2021-04-11,0
ayurveda behandlungen,2021-04-18,19
ayurveda behandlungen,2021-04-25,0
ayurveda behandlungen,2021-05-02,0
ayurveda behandlungen,2021-05-09,0
ayurveda behandlungen,2021-05-16,0
ayurveda behandlungen,2021-05-23,41
ayurveda behandlungen,2021-05-30,33
ayurveda behandlungen,2021-06-06,56
ayurveda behandlungen,2021-06-13,0
ayurveda behandlungen,2021-06-20,0
ayurveda behandlungen,2021-06-27,29
ayurveda behandlungen,2021-07-04,46
ayurveda behandlungen,2021-07-11,31
ayurveda behandlungen,2021-07-18,58
ayurveda behandlungen,2021-07-25,0
ayurveda behandlungen,2021-08-01,0
ayurveda behandlungen,2021-08-08,30
ayurveda behandlungen,2021-08-15,0
ayurveda behandlungen,2021-08-22,0
ayurveda behandlungen,2021-08-29,0
ayurveda behandlungen,2021-09-05,25
ayurveda behandlungen,2021-09-12,42
ayurveda behandlungen,2021-09-19,0
ayurveda behandlungen,2021-09-26,35
ayurveda behandlungen,2021-10-03,0
ayurveda behandlungen,2021-10-10,60
ayurveda behandlungen,2021-10-17,0
ayurveda behandlungen,2021-10-24,0
ayurveda behandlungen,2021-10-31,0
ayurveda behandlungen,2021-11-07,40
ayurveda behandlungen,2021-11-14,0
ayurveda behandlungen,2021-11-21,0
ayurveda behandlungen,2021-11-28,0
ayurveda behandlungen,2021-12-05,26
ayurveda behandlungen,2021-12-12,0
ayurveda behandlungen,2021-12-19,0
ayurveda behandlungen,2021-12-26,0
ayurveda behandlungen,2022-01-02,0
ayurveda behandlungen,2022-01-09,94
ayurveda behandlungen,2022-01-16,28
ayurveda behandlungen,2022-01-23,0
ayurveda behandlungen,2022-01-30,0
ayurveda behandlungen,2022-02-06,0
ayurveda behandlungen,2022-02-13,0
ayurveda behandlungen,2022-02-20,50
ayurveda behandlungen,2022-02-27,0
ayurveda behandlungen,2022-03-06,0
ayurveda behandlungen,2022-03-13,0
ayurveda behandlungen,2022-03-20,0
ayurveda behandlungen,2022-03-27,0
ayurveda behandlungen,2022-04-03,0
ayurveda behandlungen,2022-04-10,24
ayurveda behandlungen,2022-04-17,0
ayurveda behandlungen,2022-04-24,99
ayurveda behandlungen,2022-05-01,0
ayurveda behandlungen,2022-05-08,0
ayurveda behandlungen,2022-05-15,40
ayurveda behandlungen,2022-05-22,0
ayurveda behandlungen,2022-05-29,0
ayurveda behandlungen,2022-06-05,0
ayurveda behandlungen,2022-06-12,0
ayurveda behandlungen,2022-06-19,0
ayurveda behandlungen,2022-06-26,0
ayurveda behandlungen,2022-07-03,0
ayurveda behandlungen,2022-07-10,38
ayurveda behandlungen,2022-07-17,21
ayurveda behandlungen,2022-07-24,0
ayurveda behandlungen,2022-07-31,0
ayurveda behandlungen,2022-08-07,0
ayurveda behandlungen,2022-08-14,0
ayurveda behandlungen,2022-08-21,0
ayurveda behandlungen,2022-08-28,0
ayurveda behandlungen,2022-09-04,0
ayurveda behandlungen,2022-09-11,0
ayurveda behandlungen,2022-09-18,0
ayurveda behandlungen,2022-09-25,0
ayurveda behandlungen,2022-10-02,0
ayurveda behandlungen,2022-10-09,31
ayurveda behandlungen,2022-10-16,0
ayurveda behandlungen,2022-10-23,0
ayurveda behandlungen,2022-10-30,44
ayurveda behandlungen,2022-11-06,0
ayurveda behandlungen,2022-11-13,0
ayurveda behandlungen,2022-11-20,0
ayurveda behandlungen,2022-11-27,0
ayurveda behandlungen,2022-12-04,0
ayurveda behandlungen,2022-12-11,0
ayurveda behandlungen,2022-12-18,0
ayurveda behandlungen,2022-12-25,25
ayurveda behandlungen,2023-01-01,0
ayurveda behandlungen,2023-01-08,0
ayurveda behandlungen,2023-01-15,50
ayurveda behandlungen,2023-01-22,0
ayurveda behandlungen,2023-01-29,0
ayurveda behandlungen,2023-02-05,0
ayurveda behandlungen,2023-02-12,0
ayurveda behandlungen,2023-02-19,0
ayurveda behandlungen,2023-02-26,39
ayurveda behandlungen,2023-03-05,0
ayurveda behandlungen,2023-03-12,25
ayurveda behandlungen,2023-03-19,0
ayurveda behandlungen,2023-03-26,0
ayurveda behandlungen,2023-04-02,0
ayurveda behandlungen,2023-04-09,0
ayurveda behandlungen,2023-04-16,43
ayurveda behandlungen,2023-04-23,22
ayurveda behandlungen,2023-04-30,0
ayurveda behandlungen,2023-05-07,0
ayurveda behandlungen,2023-05-14,0
ayurveda behandlungen,2023-05-21,0
ayurveda behandlungen,2023-05-28,0
ayurveda behandlungen,2023-06-04,0
ayurveda behandlungen,2023-06-11,0
ayurveda behandlungen,2023-06-18,21
ayurveda behandlungen,2023-06-25,0
ayurveda behandlungen,2023-07-02,0
ayurveda behandlungen,2023-07-09,0
ayurveda behandlungen,2023-07-16,28
ayurveda behandlungen,2023-07-23,0
ayurveda behandlungen,2023-07-30,0
ayurveda behandlungen,2023-08-06,0
ayurveda behandlungen,2023-08-13,0
ayurveda behandlungen,2023-08-20,0
ayurveda behandlungen,2023-08-27,0
ayurveda behandlungen,2023-09-03,0
ayurveda behandlungen,2023-09-10,0
ayurveda behandlungen,2023-09-17,0
ayurveda behandlungen,2023-09-24,36
ayurveda behandlungen,2023-10-01,0
ayurveda therapeut,2018-10-14,0
ayurveda therapeut,2018-10-21,0
ayurveda therapeut,2018-10-28,0
ayurveda therapeut,2018-11-04,26
ayurveda therapeut,2018-11-11,0
ayurveda therapeut,2018-11-18,0
ayurveda therapeut,2018-11-25,31
ayurveda therapeut,2018-12-02,18
ayurveda therapeut,2018-12-09,0
ayurveda therapeut,2018-12-16,0
ayurveda therapeut,2018-12-23,0
ayurveda therapeut,2018-12-30,47
ayurveda therapeut,2019-01-06,0
ayurveda therapeut,2019-01-13,34
ayurveda therapeut,2019-01-20,0
ayurveda therapeut,2019-01-27,0
ayurveda therapeut,2019-02-03,0
ayurveda therapeut,2019-02-10,0
ayurveda therapeut,2019-02-17,0
ayurveda therapeut,2019-02-24,0
ayurveda therapeut,2019-03-03,20
ayurveda therapeut,2019-03-10,27
ayurveda therapeut,2019-03-17,0
ayurveda therapeut,2019-03-24,43
ayurveda therapeut,2019-03-31,0
ayurveda therapeut,2019-04-07,0
ayurveda therapeut,2019-04-14,0
ayurveda therapeut,2019-04-21,0
ayurveda therapeut,2019-04-28,0
ayurveda therapeut,2019-05-05,0
ayurveda therapeut,2019-05-12,0
ayurveda therapeut,2019-05-19,0
ayurveda therapeut,2019-05-26,57
ayurveda therapeut,2019-06-02,22
ayurveda therapeut,2019-06-09,0
ayurveda therapeut,2019-06-16,0
ayurveda therapeut,2019-06-23,19
ayurveda therapeut,2019-06-30,0
ayurveda therapeut,2019-07-07,0
ayurveda therapeut,2019-07-14,0
ayurveda therapeut,2019-07-21,0
ayurveda therapeut,2019-07-28,0
ayurveda therapeut,2019-08-04,36
ayurveda therapeut,2019-08-11,0
ayurveda therapeut,2019-08-18,0
ayurveda therapeut,2019-08-25,0
ayurveda therapeut,2019-09-01,0
ayurveda therapeut,2019-09-08,25
ayurveda therapeut,2019-09-15,0
ayurveda therapeut,2019-09-22,0
ayurveda therapeut,2019-09-29,20
ayurveda therapeut,2019-10-06,0
ayurveda therapeut,2019-10-13,0
ayurveda therapeut,2019-10-20,24
ayurveda therapeut,2019-10-27,0
ayurveda therapeut,2019-11-03,26
ayurveda therapeut,2019-11-10,22
ayurveda therapeut,2019-11-17,23
ayurveda therapeut,2019-11-24,0
ayurveda therapeut,2019-12-01,0
ayurveda therapeut,2019-12-08,0
ayurveda therapeut,2019-12-15,0
ayurveda therapeut,2019-12-22,0
ayurveda therapeut,2019-12-29,30
ayurveda therapeut,2020-01-05,0
ayurveda therapeut,2020-01-12,0
ayurveda therapeut,2020-01-19,0
ayurveda therapeut,2020-01-26,0
ayurveda therapeut,2020-02-02,0
ayurveda therapeut,2020-02-09,0
ayurveda therapeut,2020-02-16,0
ayurveda therapeut,2020-02-23,0
ayurveda therapeut,2020-03-01,0
ayurveda therapeut,2020-03-08,0
ayurveda therapeut,2020-03-15,0
ayurveda therapeut,2020-03-22,0
ayurveda therapeut,2020-03-29,0
ayurveda therapeut,2020-04-05,46
ayurveda therapeut,2020-04-12,27
ayurveda therapeut,2020-04-19,20
ayurveda therapeut,2020-04-26,0
ayurveda therapeut,2020-05-03,0
ayurveda therapeut,2020-05-10,0
ayurveda therapeut,2020-05-17,0
ayurveda therapeut,2020-05-24,30
ayurveda therapeut,2020-05-31,0
ayurveda therapeut,2020-06-07,0
ayurveda therapeut,2020-06-14,0
ayurveda therapeut,2020-06-21,0
ayurveda therapeut,2020-06-28,0
ayurveda therapeut,2020-07-05,0
ayurveda therapeut,2020-07-12,22
ayurveda therapeut,2020-07-19,0
ayurveda therapeut,2020-07-26,0
ayurveda therapeut,2020-08-02,0
ayurveda therapeut,2020-08-09,0
ayurveda therapeut,2020-08-16,0
ayurveda therapeut,2020-08-23,17
ayurveda therapeut,2020-08-30,24
ayurveda therapeut,2020-09-06,0
ayurveda therapeut,2020-09-13,0
ayurveda therapeut,2020-09-20,0
ayurveda therapeut,2020-09-27,0
ayurveda therapeut,2020-10-04,32
ayurveda therapeut,2020-10-11,0
ayurveda therapeut,2020-10-18,0
ayurveda therapeut,2020-10-25,40
ayurveda therapeut,2020-11-01,35
ayurveda therapeut,2020-11-08,0
ayurveda therapeut,2020-11-15,0
ayurveda therapeut,2020-11-22,0
ayurveda therapeut,2020-11-29,0
ayurveda therapeut,2020-12-06,0
ayurveda therapeut,2020-12-13,0
ayurveda therapeut,2020-12-20,0
ayurveda therapeut,2020-12-27,15
ayurveda therapeut,2021-01-03,0
ayurveda therapeut,2021-01-10,0
ayurveda therapeut,2021-01-17,0
ayurveda therapeut,2021-01-24,0
ayurveda therapeut,2021-01-31,0
ayurveda therapeut,2021-02-07,22
ayurveda therapeut,2021-02-14,0
ayurveda therapeut,2021-02-21,0
ayurveda therapeut,2021-02-28,0
ayurveda therapeut,2021-03-07,0
ayurveda therapeut,2021-03-14,0
ayurveda therapeut,2021-03-21,21
ayurveda therapeut,2021-03-28,27
ayurveda therapeut,2021-04-04,22
ayurveda therapeut,2021-04-11,22
ayurveda therapeut,2021-04-18,24
ayurveda therapeut,2021-04-25,0
ayurveda therapeut,2021-05-02,0
ayurveda therapeut,2021-05-09,28
ayurveda therapeut,2021-05-16,40
ayurveda therapeut,2021-05-23,0
ayurveda therapeut,2021-05-30,0
ayurveda therapeut,2021-06-06,0
ayurveda therapeut,2021-06-13,40
ayurveda therapeut,2021-06-20,21
ayurveda therapeut,2021-06-27,50
ayurveda therapeut,2021-07-04,0
ayurveda therapeut,2021-07-11,0
ayurveda therapeut,2021-07-18,0
ayurveda therapeut,2021-07-25,0
ayurveda therapeut,2021-08-01,0
ayurveda therapeut,2021-08-08,0
ayurveda therapeut,2021-08-15,0
ayurveda therapeut,2021-08-22,0
ayurveda therapeut,2021-08-29,0
ayurveda therapeut,2021-09-05,25
ayurveda therapeut,2021-09-12,0
ayurveda therapeut,2021-09-19,0
ayurveda therapeut,2021-09-26,0
ayurveda therapeut,2021-10-03,0
ayurveda therapeut,2021-10-10,0
ayurveda therapeut,2021-10-17,0
ayurveda therapeut,2021-10-24,0
ayurveda therapeut,2021-10-31,22
ayurveda therapeut,2021-11-07,0
ayurveda therapeut,2021-11-14,0
ayurveda therapeut,2021-11-21,0
ayurveda therapeut,2021-11-28,22
ayurveda therapeut,2021-12-05,0
ayurveda therapeut,2021-12-12,0
ayurveda therapeut,2021-12-19,22
ayurveda therapeut,2021-12-26,0
ayurveda therapeut,2022-01-02,42
ayurveda therapeut,2022-01-09,0
ayurveda therapeut,2022-01-16,28
ayurveda therapeut,2022-01-23,0
ayurveda therapeut,2022-01-30,0
ayurveda therapeut,2022-02-06,0
ayurveda therapeut,2022-02-13,39
ayurveda therapeut,2022-02-20,0
ayurveda therapeut,2022-02-27,0
ayurveda therapeut,2022-03-06,0
ayurveda therapeut,2022-03-13,0
ayurveda therapeut,2022-03-20,0
ayurveda therapeut,2022-03-27,0
ayurveda therapeut,2022-04-03,15
ayurveda therapeut,2022-04-10,0
ayurveda therapeut,2022-04-17,0
ayurveda therapeut,2022-04-24,100
ayurveda therapeut,2022-05-01,0
ayurveda therapeut,2022-05-08,17
ayurveda therapeut,2022-05-15,0
ayurveda therapeut,2022-05-22,0
ayurveda therapeut,2022-05-29,13
ayurveda therapeut,2022-06-05,29
ayurveda therapeut,2022-06-12,0
ayurveda therapeut,2022-06-19,0
ayurveda therapeut,2022-06-26,0
ayurveda therapeut,2022-07-03,78
ayurveda therapeut,2022-07-10,30
ayurveda therapeut,2022-07-17,0
ayurveda therapeut,2022-07-24,36
ayurveda therapeut,2022-07-31,0
ayurveda therapeut,2022-08-07,26
ayurveda therapeut,2022-08-14,0
ayurveda therapeut,2022-08-21,0
ayurveda therapeut,2022-08-28,17
ayurveda therapeut,2022-09-04,0
ayurveda therapeut,2022-09-11,0
ayurveda therapeut,2022-09-18,0
ayurveda therapeut,2022-09-25,0
ayurveda therapeut,2022-10-02,35
ayurveda therapeut,2022-10-09,31
ayurveda therapeut,2022-10-16,0
ayurveda therapeut,2022-10-23,43
ayurveda therapeut,2022-10-30,26
ayurveda therapeut,2022-11-06,0
ayurveda therapeut,2022-11-13,0
ayurveda therapeut,2022-11-20,0
ayurveda therapeut,2022-11-27,63
ayurveda therapeut,2022-12-04,0
ayurveda therapeut,2022-12-11,0
ayurveda therapeut,2022-12-18,18
ayurveda therapeut,2022-12-25,0
ayurveda therapeut,2023-01-01,0
ayurveda therapeut,2023-01-08,0
ayurveda therapeut,2023-01-15,0
ayurveda therapeut,2023-01-22,25
ayurveda therapeut,2023-01-29,0
ayurveda therapeut,2023-02-05,0
ayurveda therapeut,2023-02-12,0
ayurveda therapeut,2023-02-19,0
ayurveda therapeut,2023-02-26,0
ayurveda therapeut,2023-03-05,0
ayurveda therapeut,2023-03-12,0
ayurveda therapeut,2023-03-19,0
ayurveda therapeut,2023-03-26,0
ayurveda therapeut,2023-04-02,17
ayurveda therapeut,2023-04-09,0
ayurveda therapeut,2023-04-16,0
ayurveda therapeut,2023-04-23,17
ayurveda therapeut,2023-04-30,0
ayurveda therapeut,2023-05-07,0
ayurveda therapeut,2023-05-14,0
ayurveda therapeut,2023-05-21,0
ayurveda therapeut,2023-05-28,0
ayurveda therapeut,2023-06-04,0
ayurveda therapeut,2023-06-11,0
ayurveda therapeut,2023-06-18,27
ayurveda therapeut,2023-06-25,35
ayurveda therapeut,2023-07-02,0
ayurveda therapeut,2023-07-09,19
ayurveda therapeut,2023-07-16,34
ayurveda therapeut,2023-07-23,0
ayurveda therapeut,2023-07-30,19
ayurveda therapeut,2023-08-06,0
ayurveda therapeut,2023-08-13,29
ayurveda therapeut,2023-08-20,25
ayurveda therapeut,2023-08-27,0
ayurveda therapeut,2023-09-03,0
ayurveda therapeut,2023-09-10,0
ayurveda therapeut,2023-09-17,0
ayurveda therapeut,2023-09-24,18
ayurveda therapeut,2023-10-01,0
ayurveda therapie,2018-10-14,0
ayurveda therapie,2018-10-21,0
ayurveda therapie,2018-10-28,0
ayurveda therapie,2018-11-04,29
ayurveda therapie,2018-11-11,0
ayurveda therapie,2018-11-18,25
ayurveda therapie,2018-11-25,30
ayurveda therapie,2018-12-02,72
ayurveda therapie,2018-12-09,0
ayurveda therapie,2018-12-16,0
ayurveda therapie,2018-12-23,0
ayurveda therapie,2018-12-30,0
ayurveda therapie,2019-01-06,0
ayurveda therapie,2019-01-13,0
ayurveda therapie,2019-01-20,0
ayurveda therapie,2019-01-27,0
ayurveda therapie,2019-02-03,24
ayurveda therapie,2019-02-10,0
ayurveda therapie,2019-02-17,0
ayurveda therapie,2019-02-24,84
ayurveda therapie,2019-03-03,0
ayurveda therapie,2019-03-10,0
ayurveda therapie,2019-03-17,42
ayurveda therapie,2019-03-24,0
ayurveda therapie,2019-03-31,0
ayurveda therapie,2019-04-07,0
ayurveda therapie,2019-04-14,0
ayurveda therapie,2019-04-21,30
ayurveda therapie,2019-04-28,0
ayurveda therapie,2019-05-05,53
ayurveda therapie,2019-05-12,0
ayurveda therapie,2019-05-19,0
ayurveda therapie,2019-05-26,0
ayurveda therapie,2019-06-02,0
ayurveda therapie,2019-06-09,0
ayurveda therapie,2019-06-16,0
ayurveda therapie,2019-06-23,0
ayurveda therapie,2019-06-30,0
ayurveda therapie,2019-07-07,0
ayurveda therapie,2019-07-14,45
ayurveda therapie,2019-07-21,0
ayurveda therapie,2019-07-28,0
ayurveda therapie,2019-08-04,0
ayurveda therapie,2019-08-11,0
ayurveda therapie,2019-08-18,0
ayurveda therapie,2019-08-25,0
ayurveda therapie,2019-09-01,0
ayurveda therapie,2019-09-08,0
ayurveda therapie,2019-09-15,0
ayurveda therapie,2019-09-22,22
ayurveda therapie,2019-09-29,0
ayurveda therapie,2019-10-06,34
ayurveda therapie,2019-10-13,0
ayurveda therapie,2019-10-20,41
ayurveda therapie,2019-10-27,0
ayurveda therapie,2019-11-03,0
ayurveda therapie,2019-11-10,0
ayurveda therapie,2019-11-17,0
ayurveda therapie,2019-11-24,33
ayurveda therapie,2019-12-01,0
ayurveda therapie,2019-12-08,0
ayurveda therapie,2019-12-15,0
ayurveda therapie,2019-12-22,0
ayurveda therapie,2019-12-29,0
ayurveda therapie,2020-01-05,0
ayurveda therapie,2020-01-12,0
ayurveda therapie,2020-01-19,0
ayurveda therapie,2020-01-26,0
ayurveda therapie,2020-02-02,100
ayurveda therapie,2020-02-09,50
ayurveda therapie,2020-02-16,0
ayurveda therapie,2020-02-23,0
ayurveda therapie,2020-03-01,45
ayurveda therapie,2020-03-08,54
ayurveda therapie,2020-03-15,26
ayurveda therapie,2020-03-22,0
ayurveda therapie,2020-03-29,0
ayurveda therapie,2020-04-05,0
ayurveda therapie,2020-04-12,0
ayurveda therapie,2020-04-19,0
ayurveda therapie,2020-04-26,0
ayurveda therapie,2020-05-03,0
ayurveda therapie,2020-05-10,41
ayurveda therapie,2020-05-17,0
ayurveda therapie,2020-05-24,37
ayurveda therapie,2020-05-31,0
ayurveda therapie,2020-06-07,0
ayurveda therapie,2020-06-14,0
ayurveda therapie,2020-06-21,29
ayurveda therapie,2020-06-28,68
ayurveda therapie,2020-07-05,0
ayurveda therapie,2020-07-12,0
ayurveda therapie,2020-07-19,0
ayurveda therapie,2020-07-26,52
ayurveda therapie,2020-08-02,28
ayurveda therapie,2020-08-09,0
ayurveda therapie,2020-08-16,0
ayurveda therapie,2020-08-23,0
ayurveda therapie,2020-08-30,31
ayurveda therapie,2020-09-06,23
ayurveda therapie,2020-09-13,0
ayurveda therapie,2020-09-20,0
ayurveda therapie,2020-09-27,34
ayurveda therapie,2020-10-04,0
ayurveda therapie,2020-10-11,0
ayurveda therapie,2020-10-18,0
ayurveda therapie,2020-10-25,0
ayurveda therapie,2020-11-01,0
ayurveda therapie,2020-11-08,0
ayurveda therapie,2020-11-15,0
ayurveda therapie,2020-11-22,0
ayurveda therapie,2020-11-29,0
ayurveda therapie,2020-12-06,0
ayurveda therapie,2020-12-13,0
ayurveda therapie,2020-12-20,32
ayurveda therapie,2020-12-27,54
ayurveda therapie,2021-01-03,0
ayurveda therapie,2021-01-10,41
ayurveda therapie,2021-01-17,0
ayurveda therapie,2021-01-24,0
ayurveda therapie,2021-01-31,54
ayurveda therapie,2021-02-07,0
ayurveda therapie,2021-02-14,0
ayurveda therapie,2021-02-21,0
ayurveda therapie,2021-02-28,26
ayurveda therapie,2021-03-07,0
ayurveda therapie,2021-03-14,0
ayurveda therapie,2021-03-21,0
ayurveda therapie,2021-03-28,0
ayurveda therapie,2021-04-04,0
ayurveda therapie,2021-04-11,25
ayurveda therapie,2021-04-18,0
ayurveda therapie,2021-04-25,35
ayurveda therapie,2021-05-02,62
ayurveda therapie,2021-05-09,0
ayurveda therapie,2021-05-16,0
ayurveda therapie,2021-05-23,0
ayurveda therapie,2021-05-30,0
ayurveda therapie,2021-06-06,0
ayurveda therapie,2021-06-13,0
ayurveda therapie,2021-06-20,0
ayurveda therapie,2021-06-27,0
ayurveda therapie,2021-07-04,0
ayurveda therapie,2021-07-11,0
ayurveda therapie,2021-07-18,0
ayurveda therapie,2021-07-25,0
ayurveda therapie,2021-08-01,0
ayurveda therapie,2021-08-08,0
ayurveda therapie,2021-08-15,0
ayurveda therapie,2021-08-22,0
ayurveda therapie,2021-08-29,0
ayurveda therapie,2021-09-05,0
ayurveda therapie,2021-09-12,0
ayurveda therapie,2021-09-19,0
ayurveda therapie,2021-09-26,74
ayurveda therapie,2021-10-03,0
ayurveda therapie,2021-10-10,42
ayurveda therapie,2021-10-17,0
ayurveda therapie,2021-10-24,0
ayurveda therapie,2021-10-31,26
ayurveda therapie,2021-11-07,48
ayurveda therapie,2021-11-14,0
ayurveda therapie,2021-11-21,0
ayurveda therapie,2021-11-28,0
ayurveda therapie,2021-12-05,0
ayurveda therapie,2021-12-12,0
ayurveda therapie,2021-12-19,39
ayurveda therapie,2021-12-26,36
ayurveda therapie,2022-01-02,29
ayurveda therapie,2022-01-09,0
ayurveda therapie,2022-01-16,47
ayurveda therapie,2022-01-23,0
ayurveda therapie,2022-01-30,25
ayurveda therapie,2022-02-06,33
ayurveda therapie,2022-02-13,0
ayurveda therapie,2022-02-20,21
ayurveda therapie,2022-02-27,0
ayurveda therapie,2022-03-06,21
ayurveda therapie,2022-03-13,0
ayurveda therapie,2022-03-20,0
ayurveda therapie,2022-03-27,0
ayurveda therapie,2022-04-03,0
ayurveda therapie,2022-04-10,0
ayurveda therapie,2022-04-17,89
ayurveda therapie,2022-04-24,0
ayurveda therapie,2022-05-01,33
ayurveda therapie,2022-05-08,0
ayurveda therapie,2022-05-15,0
ayurveda therapie,2022-05-22,0
ayurveda therapie,2022-05-29,0
ayurveda therapie,2022-06-05,0
ayurveda therapie,2022-06-12,0
ayurveda therapie,2022-06-19,66
ayurveda therapie,2022-06-26,0
ayurveda therapie,2022-07-03,0
ayurveda therapie,2022-07-10,0
ayurveda therapie,2022-07-17,0
ayurveda therapie,2022-07-24,20
ayurveda therapie,2022-07-31,0
ayurveda therapie,2022-08-07,0
ayurveda therapie,2022-08-14,45
ayurveda therapie,2022-08-21,0
ayurveda therapie,2022-08-28,0
ayurveda therapie,2022-09-04,0
ayurveda therapie,2022-09-11,0
ayurveda therapie,2022-09-18,0
ayurveda therapie,2022-09-25,23
ayurveda therapie,2022-10-02,0
ayurveda therapie,2022-10-09,0
ayurveda therapie,2022-10-16,0
ayurveda therapie,2022-10-23,0
ayurveda therapie,2022-10-30,0
ayurveda therapie,2022-11-06,0
ayurveda therapie,2022-11-13,0
ayurveda therapie,2022-11-20,0
ayurveda therapie,2022-11-27,0
ayurveda therapie,2022-12-04,24
ayurveda therapie,2022-12-11,36
ayurveda therapie,2022-12-18,0
ayurveda therapie,2022-12-25,0
ayurveda therapie,2023-01-01,38
ayurveda therapie,2023-01-08,0
ayurveda therapie,2023-01-15,0
ayurveda therapie,2023-01-22,30
ayurveda therapie,2023-01-29,0
ayurveda therapie,2023-02-05,45
ayurveda therapie,2023-02-12,0
ayurveda therapie,2023-02-19,0
ayurveda therapie,2023-02-26,0
ayurveda therapie,2023-03-05,0
ayurveda therapie,2023-03-12,55
ayurveda therapie,2023-03-19,87
ayurveda therapie,2023-03-26,0
ayurveda therapie,2023-04-02,56
ayurveda therapie,2023-04-09,35
ayurveda therapie,2023-04-16,0
ayurveda therapie,2023-04-23,21
ayurveda therapie,2023-04-30,27
ayurveda therapie,2023-05-07,0
ayurveda therapie,2023-05-14,0
ayurveda therapie,2023-05-21,0
ayurveda therapie,2023-05-28,0
ayurveda therapie,2023-06-04,0
ayurveda therapie,2023-06-11,0
ayurveda therapie,2023-06-18,0
ayurveda therapie,2023-06-25,0
ayurveda therapie,2023-07-02,0
ayurveda therapie,2023-07-09,0
ayurveda therapie,2023-07-16,0
ayurveda therapie,2023-07-23,32
ayurveda therapie,2023-07-30,0
ayurveda therapie,2023-08-06,0
ayurveda therapie,2023-08-13,0
ayurveda therapie,2023-08-20,0
ayurveda therapie,2023-08-27,0
ayurveda therapie,2023-09-03,27
ayurveda therapie,2023-09-10,0
ayurveda therapie,2023-09-17,0
ayurveda therapie,2023-09-24,24
ayurveda therapie,2023-10-01,0
marma therapie,2018-10-14,0
marma therapie,2018-10-21,0
marma therapie,2018-10-28,0
marma therapie,2018-11-04,0
marma therapie,2018-11-11,0
marma therapie,2018-11-18,0
marma therapie,2018-11-25,0
marma therapie,2018-12-02,49
marma therapie,2018-12-09,0
marma therapie,2018-12-16,0
marma therapie,2018-12-23,30
marma therapie,2018-12-30,0
marma therapie,2019-01-06,0
marma therapie,2019-01-13,0
marma therapie,2019-01-20,0
marma therapie,2019-01-27,0
marma therapie,2019-02-03,0
marma therapie,2019-02-10,32
marma therapie,2019-02-17,0
marma therapie,2019-02-24,0
marma therapie,2019-03-03,0
marma therapie,2019-03-10,0
marma therapie,2019-03-17,0
marma therapie,2019-03-24,0
marma therapie,2019-03-31,0
marma therapie,2019-04-07,0
marma therapie,2019-04-14,0
marma therapie,2019-04-21,0
marma therapie,2019-04-28,0
marma therapie,2019-05-05,37
marma therapie,2019-05-12,35
marma therapie,2019-05-19,0
marma therapie,2019-05-26,0
marma therapie,2019-06-02,0
marma therapie,2019-06-09,0
marma therapie,2019-06-16,0
marma therapie,2019-06-23,47
marma therapie,2019-06-30,0
marma therapie,2019-07-07,0
marma therapie,2019-07-14,0
marma therapie,2019-07-21,0
marma therapie,2019-07-28,0
marma therapie,2019-08-04,0
marma therapie,2019-08-11,0
marma therapie,2019-08-18,36
marma therapie,2019-08-25,0
marma therapie,2019-09-01,0
marma therapie,2019-09-08,0
marma therapie,2019-09-15,0
marma therapie,2019-09-22,0
marma therapie,2019-09-29,0
marma therapie,2019-10-06,0
marma therapie,2019-10-13,0
marma therapie,2019-10-20,0
marma therapie,2019-10-27,0
marma therapie,2019-11-03,0
marma therapie,2019-11-10,0
marma therapie,2019-11-17,0
marma therapie,2019-11-24,0
marma therapie,2019-12-01,0
marma therapie,2019-12-08,0
marma therapie,2019-12-15,0
marma therapie,2019-12-22,0
marma therapie,2019-12-29,0
marma therapie,2020-01-05,0
marma therapie,2020-01-12,0
marma therapie,2020-01-19,0
marma therapie,2020-01-26,0
marma therapie,2020-02-02,0
marma therapie,2020-02-09,0
marma therapie,2020-02-16,0
marma therapie,2020-02-23,41
marma therapie,2020-03-01,0
marma therapie,2020-03-08,0
marma therapie,2020-03-15,0
marma therapie,2020-03-22,26
marma therapie,2020-03-29,0
marma therapie,2020-04-05,0
marma therapie,2020-04-12,0
marma therapie,2020-04-19,0
marma therapie,2020-04-26,0
marma therapie,2020-05-03,0
marma therapie,2020-05-10,0
marma therapie,2020-05-17,0
marma therapie,2020-05-24,0
marma therapie,2020-05-31,0
marma therapie,2020-06-07,0
marma therapie,2020-06-14,0
marma therapie,2020-06-21,30
marma therapie,2020-06-28,0
marma therapie,2020-07-05,0
marma therapie,2020-07-12,26
marma therapie,2020-07-19,0
marma therapie,2020-07-26,0
marma therapie,2020-08-02,0
marma therapie,2020-08-09,0
marma therapie,2020-08-16,19
marma therapie,2020-08-23,0
marma therapie,2020-08-30,23
marma therapie,2020-09-06,0
marma therapie,2020-09-13,22
marma therapie,2020-09-20,0
marma therapie,2020-09-27,0
marma therapie,2020-10-04,0
marma therapie,2020-10-11,0
marma therapie,2020-10-18,0
marma therapie,2020-10-25,0
marma therapie,2020-11-01,0
marma therapie,2020-11-08,0
marma therapie,2020-11-15,0
marma therapie,2020-11-22,0
marma therapie,2020-11-29,23
marma therapie,2020-12-06,0
marma therapie,2020-12-13,0
marma therapie,2020-12-20,0
marma therapie,2020-12-27,0
marma therapie,2021-01-03,0
marma therapie,2021-01-10,0
marma therapie,2021-01-17,0
marma therapie,2021-01-24,0
marma therapie,2021-01-31,0
marma therapie,2021-02-07,0
marma therapie,2021-02-14,0
marma therapie,2021-02-21,0
marma therapie,2021-02-28,17
marma therapie,2021-03-07,0
marma therapie,2021-03-14,0
marma therapie,2021-03-21,0
marma therapie,2021-03-28,0
marma therapie,2021-04-04,100
marma therapie,2021-04-11,0
marma therapie,2021-04-18,0
marma therapie,2021-04-25,0
marma therapie,2021-05-02,0
marma therapie,2021-05-09,0
marma therapie,2021-05-16,22
marma therapie,2021-05-23,0
marma therapie,2021-05-30,0
marma therapie,2021-06-06,0
marma therapie,2021-06-13,0
marma therapie,2021-06-20,0
marma therapie,2021-06-27,0
marma therapie,2021-07-04,0
marma therapie,2021-07-11,0
marma therapie,2021-07-18,0
marma therapie,2021-07-25,0
marma therapie,2021-08-01,0
marma therapie,2021-08-08,0
marma therapie,2021-08-15,0
marma therapie,2021-08-22,0
marma therapie,2021-08-29,0
marma therapie,2021-09-05,0
marma therapie,2021-09-12,0
marma therapie,2021-09-19,0
marma therapie,2021-09-26,0
marma therapie,2021-10-03,0
marma therapie,2021-10-10,30
marma therapie,2021-10-17,0
marma therapie,2021-10-24,0
marma therapie,2021-10-31,0
marma therapie,2021-11-07,0
marma therapie,2021-11-14,0
marma therapie,2021-11-21,79
marma therapie,2021-11-28,0
marma therapie,2021-12-05,0
marma therapie,2021-12-12,31
marma therapie,2021-12-19,0
marma therapie,2021-12-26,0
marma therapie,2022-01-02,22
marma therapie,2022-01-09,0
marma therapie,2022-01-16,0
marma therapie,2022-01-23,0
marma therapie,2022-01-30,0
marma therapie,2022-02-06,0
marma therapie,2022-02-13,0
marma therapie,2022-02-20,0
marma therapie,2022-02-27,0
marma therapie,2022-03-06,0
marma therapie,2022-03-13,23
marma therapie,2022-03-20,0
marma therapie,2022-03-27,0
marma therapie,2022-04-03,0
marma therapie,2022-04-10,38
marma therapie,2022-04-17,0
marma therapie,2022-04-24,0
marma therapie,2022-05-01,26
marma therapie,2022-05-08,0
marma therapie,2022-05-15,0
marma therapie,2022-05-22,0
marma therapie,2022-05-29,0
marma therapie,2022-06-05,0
marma therapie,2022-06-12,0
marma therapie,2022-06-19,0
marma therapie,2022-06-26,0
marma therapie,2022-07-03,0
marma therapie,2022-07-10,0
marma therapie,2022-07-17,0
marma therapie,2022-07-24,0
marma therapie,2022-07-31,82
marma therapie,2022-08-07,0
marma therapie,2022-08-14,0
marma therapie,2022-08-21,35
marma therapie,2022-08-28,63
marma therapie,2022-09-04,31
marma therapie,2022-09-11,0
marma therapie,2022-09-18,0
marma therapie,2022-09-25,47
marma therapie,2022-10-02,0
marma therapie,2022-10-09,0
marma therapie,2022-10-16,0
marma therapie,2022-10-23,0
marma therapie,2022-10-30,0
marma therapie,2022-11-06,0
marma therapie,2022-11-13,0
marma therapie,2022-11-20,0
marma therapie,2022-11-27,0
marma therapie,2022-12-04,0
marma therapie,2022-12-11,0
marma therapie,2022-12-18,45
marma therapie,2022-12-25,0
marma therapie,2023-01-01,0
marma therapie,2023-01-08,0
marma therapie,2023-01-15,0
marma therapie,2023-01-22,0
marma therapie,2023-01-29,22
marma therapie,2023-02-05,0
marma therapie,2023-02-12,0
marma therapie,2023-02-19,0
marma therapie,2023-02-26,0
marma therapie,2023-03-05,0
marma therapie,2023-03-12,37
marma therapie,2023-03-19,20
marma therapie,2023-03-26,0
marma therapie,2023-04-02,0
marma therapie,2023-04-09,0
marma therapie,2023-04-16,0
marma therapie,2023-04-23,0
marma therapie,2023-04-30,0
marma therapie,2023-05-07,0
marma therapie,2023-05-14,25
marma therapie,2023-05-21,19
marma therapie,2023-05-28,0
marma therapie,2023-06-04,0
marma therapie,2023-06-11,0
marma therapie,2023-06-18,0
marma therapie,2023-06-25,0
marma therapie,2023-07-02,0
marma therapie,2023-07-09,0
marma therapie,2023-07-16,0
marma therapie,2023-07-23,0
marma therapie,2023-07-30,0
marma therapie,2023-08-06,0
marma therapie,2023-08-13,0
marma therapie,2023-08-20,0
marma therapie,2023-08-27,0
marma therapie,2023-09-03,0
marma therapie,2023-09-10,0
marma therapie,2023-09-17,0
marma therapie,2023-09-24,30
marma therapie,2023-10-01,0
